CSA,Czech Airlines a.s.
UAE,Emirates
FDX,FedEx
1BT,Military - U.S. Army
4TX,Military - U.S. Navy
8LC,Private
6VP,Military - German Navy
0NU,Military - German Army
3FY,US Aerial Mail Service
2QL,Aircraft Transport and Travel
5IQ,By Air
4SC,Latecoere Airlines
7KH,Handley Page Transport
1CM,Aeropostale
9NZ,Military - Royal Australian Air Force
3FD,Military - Royal Airship Works
6XI,Franco-Roumaine
5HV,West Australian Airways
8ZZ,Military - U.S. Army Air Service
7KM,Daimler Airways / Grands Express Aeriens
0CR,Vickers
4UW,Cie des Messageries Aeriennes
2EI,Amee de l'Air
6WN,Campagnie France Roumaine
9OS,CCCP
8ZE,Military - French Navy
1RJ,KLM Royal Dutch Airlines
0BW,SCADTA
3TB,Imperial Airways
7LF,Zakavia
5WS,Lignes Aeriennes Latecoere
9OX,CIDNA
2GC,Air Union
1QO,Deutche Lufthansa
4JT,Compagnie Internationale de Navigation Aérienne
3TG,Deutsche Lufthansa
6LK,PacifiAir Transport
0DP,Qantas
8OC,Varney Air Lines
2GG,Colonial Air Transport
5YL,Reynolds Airways
4IY,Aero O-Y
7AD,National Air Transport
6LP,Colonial Western Airlines
9DU,Boeing Air Transport
3VZ,Iberia Airlines
1FL,Ford Air Freight Inc.
5XQ,British Columbia Airways
8PV,National Parks Airways
7AI,Universal Airlines
0SM,Continental Air Lines
9CZ,Sunbeam Air Transport Co.
2UE,Syndicato Condor
6MJ,Interstate Airlines
4XV,Aeroespresso
8PA,Skyline Transportation Company
1HF,New Standard Airlines
0RR,Maddux Airlines / Military - U.S.Army Air Force
3JW,MALERT
2UJ,Pan American Airways
5MN,Northwest Orient Airlines
9ES,Aero Lloyd
7OF,Middle States Airlines
1GK,Ukvozduchput
4YO,Associated Aviators
3JB,Trans Continental Air Transport
6BG,Pickwick Airways
5LS,Bremerton-Seattle Air Taxi / Gorst Air Lines
8DX,Corp. Aeronautica de Transportes
2WC,Air Orient
0GP,Central  Airlines
4YT,Canadian Colonial Airways
7QY,Cross Airways
6BL,Ceskoslovenske Aerolinie
9TP,Sabena
8DC,Western Canada Airways
1VH,Military - British Air Ministry
5NM,Alaska-Washington Airways
3YY,Embry Riddle Company
7QD,China National Aviation Corporation
1II,Dominion Air Lines
9SU,Australian National Airways
2KZ,Trans Continental and Western Air
1VM,Guiena Airways
4NR,Rubner Flying Service
8FV,Braniff Airlines
6PI,Australian Aerial Services
0HN,Chicago-Detroit Airways
4ZS,"NY, Phil., Washington AW"
2KE,Union Airways
6CJ,Braniff Airways
4MW,Northwest Airways
7EA,Century PacifiLines
1WF,Bimini Airways
9HS,Transamerican Airlines
3ZW,Century Air Lines
7RB,Transamerica Airlines
5BO,Panagra
9TT,A B Aerotransport
7EF,New England Airways
0WK,Lloyd Aero Boliviano
4OP,Hunter Airways
2YB,Guinea Airways
6QG,Eastern Air Transport
0JL,Pan American Grace Airways
8TY,Varney Airlines
2LC,Eurasia
0VP,Aeropostale - La Tecoere Company
4OU,Aeroput
7GY,United Air Lines
5QL,Air France
9IQ,Kalinin
3AV,Boeing Aircraft Company
1LH,Pan American Airways (Scadta)
5DM,Pan American Grace Airlines
3NZ,Aerevias Centrales Air Service
7FD,United Air Services
0XI,Swissair
9IV,Rapid Air Transport
2AA,Holyman Airways
6SE,Holdens Air Transport Service
4CR,Cubana de Aviacion
8UW,American Airlines
6FI,Deruluft
0XN,Misrair
3PS,Knowles Flying Service of Detroit
2ZF,Gor'ky Eskadril'ya
5RJ,Wyoming Air Service
9JO,Chicago and Southern Airlines
7UB,Servicio Aereo Columbiano / SCADTA
1MF,Wedell-Williams Air Service Corporation
9WS,Delta Air Lines
3OX,Aero Mayflower Transit Co
6GC,Western Air Express
5RO,Chamberlin Flying Service
8JT,TACA
2BY,Air Bleu
0LK,Lloyd Aereo Boliviano
4DP,Compania de Mexico
2OC,Avio Linee Italiane
6GH,Den Norske Luftfartskole
9YL,Guernsey Airways
8IY,Mexicana
1BD,Chicago Southern Airlines
5TH,British Airways
3DU,Blue Bird Air Service
7VZ,North Sea Aerial and General Transport
5GL,Eastern Air Lines
9YQ,Airlines of Australia
2QV,Deutsche Zeppelin Reederei
1AI,Private - Purdue Reasearch Foundation
4SM,Ala Littoria
8KR,Pan American World Airways
6VE,General Airways
0NJ,Military - U.S. Navy / Military - U.S. Navy
8XV,TsAGI
2PA,Lineas Aéreas Mineras
5HF,United Airways of New Zealand
4SR,Cruzeiro do Sul
7KW,Ginger Coote Airways
1CB,Wilson Airways
9MO,LOT Polish Airlines
3ES,Military - Colombian Army
1PF,Dai Nippon
8ZO,Macchi
7JB,North Queensland Airways
0BG,Jersey Airways
4TL,Trans Canada Air Lines
2EX,Japan Aviation Corporation
6WC,Military - Ecuadorian Air Force
4GP,Indian National Airways
8YT,Linee Aeree Italiane
1QY,KNILM
0BL,British Overseas Airways
3TQ,Douglas Aircraft Company
7LU,LARES
5VH,Pennsylvania Central Airlines
9OM,LATI
7YY,Malert Airlines
1QD,South African Airways
4II,Great Western and Southern Air Lines
3TU,Manchurian Air Lines
6LZ,Military -Royal Air Force
0DE,Military - Royal Air Force
8NR,Panair do Brasil
2FV,Military - U.S. Army Air Force
0QI,Guinea Airways Limited
4IN,Military - U.S. Army Air Forces
7AS,American Export Airlines
6KE,American Airlines / Military - USAF
9CJ,DLL
3UO,Private - Boeing Aircraft Company
1FA,Military - U.S. Air Force
5XF,Aktiebolaget Aerotransport
3HS,VASP
7ZX,Military - Royal Canadian Air Force
0RB,AB Aerotransport
9CO,Military - Indian Air Force
2UT,Military - U.S. Army Air Forces / Military - U.S. Army Air Forces
6MX,Varig
4WK,Military - Royal Netherlands East Indies Air Force
8OP,U. S. Air Force
6ZB,Military - U.S. Army Air Corps
0RG,BOAC
3JL,Trans-Canada Air Lines
2TY,Navegacao Aerea Brasileira
5LC,Military - United States Army Air Force
9DH,Page Airways
7OU,MaRobertson Miller Airlines
1GZ,Military - Royal Indian Air Force
9QL,Military - South African Air Force
3IQ,Eastern Air Lines / Military - U.S. Army Air Corps
7BV,Lineas Aereas Mineras
5LH,National Airlines
8DM,Faucett
2VR,Military - Chinese Air Force
0GD,Mililtary - Royal Canadian Air Force
4YI,British Overseas Airways /Qantas
2IV,Military - Royal British Navy
6AA,Military U.S. Navy / Military - U.S. Navy
0SE,Viking Air Transport
8DR,DNL
2VW,Central Air Transport
5NB,ANDESA
3XN,Military -  (2) U.S. Army Air Forces
7PS,British European Airways
5AF,AtlantiCentral Airlines
9SJ,Trans Luxury Airlines
3KO,Trans-Luxury Airlines
1UB,British South American Airways
5MG,Mt. McKinley Airfreight
8EK,American Overseas Airlines
6PX,Military - Royal Netherlands Naval Air Service
0HC,Air Ocean
8RO,National Air Transport Services
2JT,Socotra
6BY,CTA LanguedoRoussillon
4MK,Empressa Commun. Aéreas de Veracruz
8EP,Lineas Aéreas Costarricenses  LACSA
1WU,Fuerza Aérea Argentina
0GH,Aeroflot
3YL,Military - U.S. Marine Corps
1JY,Far Eastern Air Transport
5BD,Winged Cargo Inc.
9TI,FAMA (Argentina)
7DU,Kansas City Southern Skyways
1VZ,Nationwide Air Transport
4OE,Military - Mexican Air Force
3YQ,AVIANCA
6QV,Spencer Airways / Ceskoslovenske Aerolinie
5AI,Philippine Air Lines
8TN,International Air Freight
2LR,Aerovias Cuba International
0VE,Slick Airways
4NJ,Military - Corrieri Aerei Militari
7FN,VIARCO
6QA,Linea Aeropostal Venezolana
9IF,Flugefelag
8SR,Flota Aérea Mercante Argentina
1KW,Burke Air Transport
5CB,Aero Cargo
3NO,Transporturile Aeriene Romano-Sovietice
7FS,Norwegian Airlines
0XX,Stratofreight
9HK,Societe Aerienne du Littoral
2ZP,Philippine Air Express
1KB,Société Auxiliare de Navigation Aérienne
4CG,Trafik-Turist-Transportflyg
8UL,TARS
6EX,Columbia Air Cargo
0WC,JAT Yugoslav Airlines
3OH,Alaska Airlines
2ZT,Air India
5RY,Servicio Aéreo Panini
4BL,Coastal Air Lines
7TQ,Transport Comp. Algerienne de T.A.
1LU,Dominicana
9WH,Airline Transport Carriers
3OM,Det Danske Luftfartselskab
6GR,Società Aerea Teseo
5QD,Commercial Airways
8II,Bruning Aviation
7TV,Military - Brazilian Air Force
0LZ,Société de Transports Aériens
4DE,Loftleidir IcelandiAirlines
2NR,Agencia Interamericana de Aviada
6GW,Indian National Airlines
9YA,British European Airways / Military - Soviet Air Force
8IN,Skyways of London
1AS,Mercury Aviation
0LE,Air Transport Charter
3DJ,Alpha Airways
7VO,Hargreaves Airways
5FA,Scandinavian Airlines (SAS)
9XF,Aigle Azur
2PK,Aerovias Brasil
1AX,Cathay PacifiAirways
4SB,Rimouski Airlines
3CO,ALFA
6UT,Civil Air Transport
0MY,Onzeair
8XK,New Zealand National Airways
2PP,Avensa
5HU,PacifiAlaska Air Freight
4RG,Mannin Airways
7JL,Pakistan Airways
6UY,LANSA
9MC,Airborne Transport
3EH,Pan African Air Charter
1OU,Seattle Air Charter
5GZ,Coastal Cargo
8YD,Viacao Aerea Gaucha S.A.
7JQ,Dalmia Jain Airways
0BV,Saint Lawrence Airways
9LH,British European Airways / Military - British
2DM,TAM (Peru)
6VR,Queensland Airlines
4GE,Tech - Aeronautical Explotiation
8YI,Strato Freight
1QN,MaRoberston-Miller Airlines
0AA,Air Transport Associates
3TF,Eastern Air Lines / Military - USN
2DR,Lineas Aéreas Brasil
5VW,Shell Co of Ecuador
9NB,SAETA
7YN,Transocean Air Lines
1QS,Canadian PacifiAir Lines
5IX,Eastern Air Lines / Military - Bolivian Air Force
3SJ,Harrington's Inc
6KO,Aero Holland
5VB,REAL
8NG,Arrow Airlines
2FK,Pakair
0PX,Capital Airlines
4HC,Bharat Airways
8ZH,Ejercito del Aire
6KT,Societe Transatlantique Aerienne
9CY,Societe Indochinoise de Transport Aeriens
8ML,Fairflight Ltd.
1EP,Devlet Hava Yollairi
5WU,SEMAF
3HH,Deccan Airways
7ZL,Lineas Aéreas Nacionales
1RQ,Regina Cargo Airlines
9BD,Westair Transport
3TI,New Tribes Mission
1EU,Ansett ANA
4WZ,DTA Angola Airlines
8OE,Cie Air Transport
6YQ,Trans World Airlines
0QV,Robinson Airlines
4IA,Iran Air
2TN,Svenska Aero
6LR,Air Atlas
4VE,Curtiss-Reid Flying Services Ltd. (Canada)
8NJ,Garuda Indonesia Airlines
1GO,Indamer
9QA,T.A. Intercontinentaux
3IF,Aerolineas Argentinas
7AK,Air Carriers
5LW,Alitalia
9DB,Icelandair
7NO,Military - Portuguese Air Force
1FS,Mid Continent Airlines
4XX,PacifiOverseas Airways
2IK,Southwest Airways
6AP,Siamese Airways
0ST,Cubana de Aviacion / Military -  US Navy
8CG,Hunting Air Travel
2UL,Lineas Aéreas Trans. Brasileira
0FX,Sociedad Aeronautica Medellin
4XC,Loide Aereo Nacional
7PH,Air Outre-Mer
6ZU,Loide Aéreo Nacional
9RY,Trans Australia Airlines
3JD,Societe Alpes Provence
1UQ,Frigorifico Cooperativo Los Andes
5MU,Aero Transportes
3WH,Queen Charlotte Airlines
7OM,Military - Guatemalan Air Force
0GR,Military - U. S. Air Force
9RD,Devlet Hava Yollari
2JI,El Al
6BN,Lineas Aereas Unidas
4LZ,Miami Airlines
8DE,Continental Charters
6OR,Kalinga Airlines
0GW,Aer Lingus
3YA,STAAP
2IN,Military - U.S. Air Force / U.S. Air Force
5AS,Maritime Central Airways
9TX,Société Aérienne de Tr. Tropicaux
7DJ,US Airlines
1VO,Japan Air Lines
9FB,North Continental Airlines (Robin Airlines)
3YF,Fred Olsen Flyveselskap
6QK,Swedish Air Force
5AX,Transportes Areos Nacionales
8SB,Airwork
2KG,Military - Pakistan Air Force
0VT,Phoenix Airlines
4NY,Private - de Havilland Aircraft
2XK,SAM Colombia
6PP,Union Aeromaritime de Transport
9HU,TABSO
8SG,Rutas Aéreas Nacionales SA
1KL,Flying Tiger Line
5CQ,Associated Air Transport
3MD,Lancashire Aircraft Corporation (Skyways)
7EH,Air Outremer
5PU,Autrex
9HZ,Military - Egyptian Air Force
2ZE,Orient Airways
1JQ,Transportes Aéreos Salvador
4BV,Central African Airways
8TA,Caribbean International Airways
6EM,Aerovias Contreras
0WR,Transportes Aéreos Mexicanos
8GE,Resort Airlines
2YI,Compagnie Sila
5QN,British Commonwealth PacifiAirlines
4BA,Aviaco
7TF,Indian Airlines
1LJ,Aviateca
9VW,Syrian Airways
3NB,Ariana Afghan Airlines
1YN,Zantop Air Transport
5QS,Aeronaves de Mexico
8IX,Trans Canada Air Lines / RCAF
7SK,Societe Indochinoise de Raviteillement
0LO,Darbhanga Aviation
4DT,Transportes Aereos Nacionales
2NG,Soc. de Tr. Aériens d'Extrême Orient
6FK,Air Vietnam (South Vietnam)
4QX,Military - U. S. Navy
8IC,TAM (Brazil)
1AH,Northeast Airlines
0KT,Air Laos
3CY,Ceskoslovenské Aerolinie
7UD,Johnson Flying Service
5FP,Trans World Airlines / Castleton Inc.
9XU,Interamericana de Aviacion
7HH,West African Airways
1ZM,Aaxico Airlines
4RQ,Union des Transportes Aeriens
3CD,East African Airways
6UI,Associated Airways
0MN,Union Aéromaritime de Transport
8WZ,Tigres Voladores
2OE,Lineas Areas Unidas
0ZQ,Military - U.S. Air Force / Military - U.S. Air Force
4RV,Union of Burma Airways
7JA,Currey Air Transport
6TN,Societe France Hydro
9LR,PacifiWestern Airlines
3DW,Peninsular
1OJ,Military - US Air Force
5GO,Riddle Airlines
3QA,Cruzeiro Do Sud
7IF,Quebecair
1AK,Spartan Air Services
9LW,Scottish Airlines
2DB,Transport Aerien Intercontinentaux (France)
6VG,Pakistan International Airlines
4FT,Starways
8YX,National Air Operators
6IK,Military - Royal Thai Air Force
0AP,Cordova Airlines
4ST,United Air Lines / Trans World Airlines
2CG,Jordan International Airlines
5VL,Britavia
9NQ,Braathens
7XC,Aerovias Guest
1PH,Empresa Aviacion del Pacifico
9AU,AIDA
3SY,Lanica
7KD,Military - Philippine Air Force
5UQ,Eagle Aviation
9MV,Lineas Aereas del Estado
2EZ,U.S. Overseas Airways
0PM,Sahsa Airlines
4HR,Lebanese International Airways
2RD,Transportes Aereos Mexicanos
6JI,Bristol Aeroplane Co.
0BN,Aquilla Airways
8MA,Straits Air Freight Express
2EE,Northern Wings
5WJ,TAM (Bolivia)
4GW,Military - U.S.  Air Force / Military - U.S. Navy
7YA,Réseau Aérien Interinsulaire
5JN,Silver City Airways
9BS,Military - U.S. Marine Corps/Military - U.S. Marine Corps
3TX,Military - U.S. Air Force/Military - U.S. Air Force
1DJ,Transportes Aereos Orientales
5VO,AREA
8NT,United Air Lines / Military - U.S. Air Force
7YF,Capital Airlines / Military - Air National Guard
0QK,Dan-Air Services
8AX,Paraense Transportes Aéreos
2SC,All Nippon Airways
6LG,Independent Air Travel
4VT,Middle East Airlines
8NY,Yemen Airlines
1FC,ARTOP Aerotopografica LDA
0PP,Capitol Airways
3IU,Southeast Airlines
2SG,California Air Freight
5KL,Austral Lineas Aeras (Argentina)
9CQ,Linea Expresa Bolivar
7ND,Air Jordan
1FH,Dwyer Flying Service - Private Charter
4XM,Turkish Airlines (THY)
3HZ,Southern Cross Airways
6ZE,Austria-Flugdienst
5KQ,Transportes Aereos Peruanas
8CV,Lineas Aéreas Interpolar
2UA,Aerolineas Nacionales
0EM,Transair
4WR,T.A. Intercontinentaux (France)
7OW,Reeve Aleutian Airlines
6ZJ,OlympiAirways
9RN,Piedmont Airlines
8BA,Wheeler Airlines
1TF,Allegheny Airlines
5LJ,California Aircraft
3WW,Transportes Aéreos de Timor
7OB,REAL / Military - U.S. Navy
0GG,SAMSA
9QS,Lloyd Aereo Colombiano
2IX,Piedmont Airlines / Private
1TK,Sobelair SA (Belgium)
4LO,Balair
8DT,Transamerican Air Transport
6NG,PacifiNorthern Airlines
0FL,Gulf Aviation (Kalinga Airways)
3YP,Ethiopian Airlines
2IC,Military - Royal Belgian Air Force
5AH,Chicago Helicopter Airways
4KT,Deutsche Flugdienst
7CY,Military - French Naval Aviation
1VD,Don Everall Aviation
9FP,Austrian Airlines
3XU,United Arab Airlines
6PZ,Itavia
5AM,ArctiPacific
8SQ,Royal Nepal Airlines
7CD,Military - Argentine Air Force
0UI,Finnair
4MN,Continentale Deutsche Luftreederei
2XZ,Transcontinental
6PE,Malev Hungarian Airlines
9HJ,Cunard Eagle Airways
8RV,Air America
1JA,Eastern Provincial Airways
0UN,President Airlines
3MS,United Nations Organization
7EW,Derby Aviation
5OJ,Bristol 170 Freighter 31M
9GO,Air Haiti International
2YS,Military - Força Aérea Portuguesa
1JF,Military - Belgian Air Force
4BK,Kodiak Airways
3LW,Corporacion Boliviano de Fomento
6DB,Avianca
0VG,Caledonian Airways
8GT,Societa Aerea Mediterranea
2YX,Military - French Air Force
5QC,Military - Colombian Air Force
4AP,AVISPA
7SU,East Anglian Flying Services
6DG,Military - Union of Burma Air Force
9VL,East Provincial Airways
3NQ,Trans Mediterranean Airways
1XC,Panair do Brazil
5PH,Taxader Airlines
8IM,Military - Japan Maritime Self Defense Force
7SY,Private - Ashland Oil Company
0KD,Aerolineas Abaroa
9UQ,VASP / Private
2NV,Carvair ATL-98
6FZ,Air Nautic
4PM,Wien Alaska Airlines
8HR,West Coast Airlines
2ZW,Skyvan Airways
0KI,Middle East Airlines / Military - Turkish Air ForceC-47
3CN,Saudi Arabian Royal Flight
2MA,Military - Japan Air Self Defense Force
5EE,Air Afrique
9WJ,Tarom
7HW,Military - Chilean Air Force
1ZB,Mohawk Airlines
5RF,Air Madagascar
3BS,Air Inter
7TX,American Air  Export & Import Co.
5EJ,Fujita Koku Kabushki Kai
8WO,Military - U.S. Air Force / Military -  U.S. Air Force
2OT,Aeronaves de Panama
0YF,New York Airways
4QK,British Aircraft Corporation
8IP,Aerolineas Litoral Argentina
6TC,Commercial Air Taxi
0LG,South Central Airlines
8VT,Lloyd Aéreo Boliviano
1NY,Private air taxi
5FD,Fuji Airlines
3QP,British Eagle International Airlines
7IU,Paradise Airlines
1AZ,Taxi Aereo de Santander
9KL,Snow Valley Ski Lines
3CQ,Slick Airways - Cargo
1ND,Frontier Airlines
5FH,Private - Facilities Management Co.
8XM,Aden Airways
6HZ,Wein Alaska Airlines Inc.
0AE,Saudi Arabian Airlines
4SI,Private - Air Taxi
2CV,TASSA
6UA,Wiggins Airways
4FM,Servicios Aéreos Cochabamba
8XR,Interocean
1PW,Mustang Aviati
0ZJ,Bonanza Airlines
3RN,Linjefyg
7JS,Air Congo
5UF,Military - Vietnamese Air Force
9MK,Fleming Airways System Transport
7WW,SATCO
1OB,Lineas Aéreas Sud Americana
4GG,Alva Aircraft Service - Taxi
3RS,Fairbanks Air Service - Taxi
6JX,Aerovias del Norte
0BC,Air Cameroon
8LO,Aerolineas El Salvador
2DT,Zen Nippon
0OG,Fairways
4GL,Ortner Air Service - Taxi
7YP,Alia Royal Jordanian Airlines
6IC,British United Airways
9AH,Baker Aero Inc. - Taxi
3SM,Military - U.S. Army / Military - U.S. Army
1DY,Virgin Islands Airways
5VD,Rutas Internacionales Peruanes
3FQ,Filipinas Orient Airways
7XU,TAO
0PZ,International Control Commision
9AM,Aerolineas TAO
2SR,Skyway Air  - Taxi
6KV,Paul Kelly Flying Service Inc.
4UI,Edde Airlines
8NN,Trans World Airlines / Eastern Air Lines
6XZ,Spantax
0PE,Air Manila
3HJ,Ray A. Gardner - Taxi
2SV,Garuda  Indonesia Airlines / Garuda Indonesia Airlines
5KA,COHATA
9CF,Devener Flying Service - Taxi
7MS,Beatty Flying Service - Taxi
1EW,Belgian International Air Services
9PJ,Bassett Complany - Taxi
3HO,Servicios Americanos
6ZT,Layman Weikle - Taxi
5JF,Continental Air Services
8BK,American Flyers Airline
2TP,Kurtzer Flying Service - Taxi
0EB,Nordair
4WG,McCoy Flying Service - Taxi
2GT,Lackey Aero Company - Taxi
6YX,Air New Zealand
9QC,Aeropesca Colombia
8BP,Alamo Airways
1TU,Private - Mainline Aviation
5LY,NC Simpson - Taxi
3VL,Richland Aviation  - Taxi
7NQ,Aerovias Halcon
5YC,Alaska Coastal Airlines
9QH,Britannia Airways
2IM,Petroleum Helicopter
1SZ,Warsaw Aviation - Taxi
4KD,Gastonia Aviation - Taxi
8CI,Chester Airport
6NV,Transportno Aviatsionno Bulgaro-Soviet Obshchestvo
0FA,Aerocondor de Colombia
8PM,Red Bank Air Taxi
2HR,Channel Air Lift
5AW,Air Ferry
4KI,Syrian Arab Airlines
7CN,Avanti Aviation -Air Taxi
1US,Vercoa Air Service - Air Taxi
9FE,Lake Central Airlines
3XJ,Compagnie Air Transport
1HW,Trans World Airlines / Private
5ZB,Aeralpi
8RF,Harvey's Flying Service - Air Taxi
7CS,Harold E. Bell - Air Taxi
0UX,Ace Flying Service
4MC,Caribbean Airlines
2WO,Lexington Air Taxi
6OT,Military - Republiof South Korea Air Force
4ZG,Air Algerie
8RK,Military - Imperial Iranian Air Force
1JP,Globe Air
0TC,Pelita Air Service
3LG,Greylock Airways / Private
7DL,Greenbriar Airways
5OY,Air Canada
9GD,Air Ferry Ltd
7QP,British Midland Airways
1IU,Aer Turas
4AZ,Thai International
3LL,Vehu Akat
6DQ,Taiwan Aviation
0VV,Hudgin Air Service
8FI,Lester C. Bush - Air Taxi
2XM,Inter Island Air - Air Taxi
0IZ,Bruns Air Service - Air Taxi
4AE,China Airlines (Taiwan)
8SJ,Sadia
6CV,Crest Airlines - Air Taxi
9UA,Livingston Helicopter - Air Taxi
3NF,Priority Air - Air Taxi
1XR,Lao Cathay Airlines
5PW,Kauai Helicopter - Air Taxi
3ZJ,Tulakes Aviaiton - Air Taxi
7SN,Thai Airways
1KS,Executive Air - Air Taxi
9UF,Imperial Comm - Air Taxi
3MK,Tanana Air Taxi
6EO,Mililtary - U.S. Navy
4PB,Air Comores
8HG,Havasu City Air - Air Taxi
6RS,Royal Air Lao
0JX,Viking Airways - Air Taxi
4BC,Fortaire Aviation - Air Taxi
2MP,Ozark Air Lines / Private
6ET,Military - Russian Air Force
9WY,Ladeco
7GL,Canair Corp. - Air Taxi
1YP,Aerovias Rojas
9JC,Utility Helocopter - Air Taxi
3BH,Phillips Flying Service - Air Taxi
7TM,Los Angeles Airways
5DY,Houston-Beech - Air Taxi
9VD,Rinaldo Piaggio
2NI,Military Soviet  Air Force - Aeroflot
1YU,Purdue Airlines Inc.
4QZ,BKS Air Transport
2AM,Red Aircraft Service - Air Taxi
6SR,Aerolineas Flecha Austral
0KV,Mid Island Air - Air Taxi
8VI,Aitalia
2NN,North Central Airlines / Private
5FS,Island Sky Ferry - Air Taxi
4PE,Westwing
7HJ,Bulair TABSO
6SW,Far Aviation - Air Taxi / Speeds Flying - Air Taxi
9KA,Pan African Airlines
3CF,Kenai Air Service - Air Taxi
1MS,Military - U.S. Air Force / Military -  U.S. Army
5FW,Catalina - Vega - Air Taxi
8XB,Aerovias del Valle
7HO,Augusta Aviaiton - Air Taxi
0ZT,Barrow Air Service - Air Taxi
9KF,Cable Commuter
2CK,Stikine Air Service - Air Taxi
6UP,Wien Consolidated Airlines
4EB,Conquest Airways - Air Taxi
8WG,Northwest Moon - Air Taxi
1OL,Interior Airways
0ZY,Exportada De Sal S.A.
3RC,MaRobertson-Miller Airlines
2BP,Servicios Aéreos Especiales
5TU,ERA Helicopter
9LY,China Air Lines
7WL,Pudget Sound Air - Air Taxi
1OQ,Mineral County Airlines
4GV,Prinair
3QH,Venezolana Internacional de Aviacion
6IM,Leamon Flying Service
5TZ,Avion Airways
8LD,Islands of the Bahamas Inc
2DI,Wigmo
0NV,Simpson Air Service - Air Taxi
4FA,Ghana Airways
7XE,Argentina CAA
6IR,Flying W Airways
9AW,Aero Transporti Italiani
8KI,Compania Mexicana de Aviacion
1CN,Eureka Aero Inc. - Air Taxi
5US,Cascade Airways
3FF,Air South
7XJ,Interior Airways - Air Taxi
0PO,Safeway Airways
9ZB,Trans Isle Air
2SF,Halvorson - Air Taxi
1CS,Canairelief Air
4UX,Prior Aviatoin - Air Taxi
8MC,Military - Royal Lao Air Force
6XO,SATENA
0PT,Allegheny Airlines / Forth Corporation
3HY,Nordchurchaid
2RK,Metro Commuter - Air Taxi
5JP,Austin Airways
4UC,Channel Flying Service - Air Taxi
7MH,Nigeria Airways
1EL,Aroostook Air - Air Taxi
9OY,Galena Air Service - Air Taxi
3GD,Military - Royal HelleniAir Force
6YI,Polynesian Airlines
5JU,Buckeye Air Service - Air Taxi
8BZ,Charter -Federal Electricity Commission
7LL,TAG Airlines
0DQ,Pilgrim Airlines
4VV,Lineas Aéreas La Urraca
2GI,Avia-Taxi
6YM,Compania Dominicana de Aviacion
9QR,Suburban Airlines - Air Taxi
8AE,Bavaria Flug
1SJ,Paraense Transportes Aereos
0DV,Commuter Airline - Air Taxi
3VA,Grand Canyon Airlines
7NF,Royal Air Maroc
5XR,East Coast Air - Air Taxi
9PW,Military - Italian Air Force
2HB,Antillian Airlines
1SO,Somali Airlines
4KS,Executive Jet Sales Inc.
3UF,Aeroservice S de RL
6MK,Lehigh Acres Development Inc.
0FO,LADE
8PB,Reeder Flying Service
2HG,Dan Air Services
6ZL,Del Rio Flying Service - Air Taxi
4KX,Military - Forces Militaires Françaises
7CC,Military - United States Navy
6MP,Lineas Aereas Nacionales SA (Peru)
9ET,Dutch Continental Airways
3WY,Trans International Airlines
1HL,San Juan Air
5ZQ,Eagle Flight - Air Taxi
9RU,"Charter, Golden Eagle Aviation Inc."
7BH,Saturn Airways
0TM,Delaware Aviation - Air Taxi
9EY,Aerocosta Colombia
2WD,Southern Airways
6OI,Military - Vietnamese Air Force / Military - U.S. Army
4YU,Cargolux
8QZ,Jamair
2IE,Trans Caribbean Airways
0TR,Rousseau Aviaiton
4LV,American Airlines / Private
2VI,Balkan Bulgarian Airlines
5NN,L'Armée de L'Air
9FS,Fuerza Aérea del Peru
7QE,Korean Airlines
1IJ,Jamie Ramirez - Air Taxi
5AO,TAME
3KA,Monument Valle - Air Taxi
7CF,Costal Airway
5NS,New England Aviaiton
9FX,Apache Airlines - Air Taxi
2XB,Gay Airways - Air Taxi
0HO,Aviogenex (Yugoslavia)
4ZT,Hughes Airwest  / Military - US Marine Air Corps
8SX,SAVCO
6CK,Shelter Cove Sea Park
0UP,Toa DomestiAirline (Japan)
8EB,Anchorage Helicopter - Air Taxi
2XG,Air Ivoire
5PL,All Nippon Airways /  Japanese Air Force
3ZY,Trans Alaska Helicopter - Air Taxi
7RC,Downeast Airlines
1JH,Pan International
9UU,C and C Aviaiton - Air Taxi
3MZ,SceniAir Lines
1WL,Alpena Flying Service - Air Taxi
5OQ,Monmouth Airways
8GV,Merpati Nusantara Airlines
7RH,Sudan Airways
0JM,SAESA
4BR,Kime Flying Service - Air Taxi
2LE,Lineas Aéreas la Urraca
6DI,PENAS
4OV,Clarkes Thunder - Air Taxi
8GA,TAC Colombia
1YE,Hankins Airways - Air Taxi
0IR,Sun Valley Airways - Air Taxi
3AW,Alii Air Hawaii - Air Taxi
7SB,Sterling Airways
5DN,EgyptAir
9VS,AVENSA
7FF,Helaire Helicopter
1XJ,Aerotechnia
4PO,Ross Aviation - Air Taxi
3AB,Petrolium Helicopter
6SG,Amazonese Importacao e Exportacao
0KK,Fairbanks Air - Air Taxi
8UX,Smyer Aircraft - Air Taxi
2MC,Air Central
0XO,Seventy Airways - Air Taxi
4PT,North Central Airlines / Air Wisconsin
7HY,Inter City Flug
6RK,Casino Air - Air Taxi
9KP,PacifiSouthwest Airlines
3CU,Military - Royal Norwegian Air Force
1MH,AVIANCA / AVIANCA
5EL,Interflug
3PY,Lineas Areas Venezolanas
7HD,Ansett Airlines of Papua New Guinea
0ZI,Servicios Aereas Virgen de Copacabana
9JU,Military - Royal Nepalese Air Force
2BZ,Cambodia Air
6TE,Flamingo Airlines - Air Taxi
4EQ,Uruguayan Air Force - TAMU
8WV,Air Melanesie
6GI,Metro Air Systems
0YN,Luthi Aviation - Air Taxi
3QR,Superior Airways
2BE,Zantop Airways
5TJ,Delta Air Lines/ North Central Airlines
9LN,Air Guadeloupe
7VA,American Express Leasing
1NF,Air Transit - Air Taxi
9YR,TAN
3QW,Air Sinai
6IB,Harry Faulkner - Air Taxi
5SO,Red Carpet Flying Service - Air Taxi
8KS,Petrolium Helo Inc.
2CX,Aerovias Urraca
0NK,Libya Arab Airlines
4FP,Military - Polish Air Force
2PB,Lineas Aereas de Espana/Spantax SA Transportes
6HG,Invicta International Airlines (UK)
9ZL,Military - U.S. Navy / NASA
8KX,Bakhtar Afghan Airlines
1CC,Air Iowa
5UH,Winship Air Service - Air Taxi
3ET,Air Gaspé
7XY,Aeromexico
5HL,Revilla Flying Service - Air Taxi
9ZQ,Aegler Stuart Flying Service  / Private
2RU,Wicks Flying Service - Air Taxi
1CH,Dunlap Aviation - Air Taxi
4UM,Lisa Jet Inc. - Air Taxi
8MR,Texas International Airlines
6WD,Aeronorte
0OI,Taxi Aéreo Cesar Aguiar
8ZV,Avionas  Banamex
2RZ,CATA
5JE,Jack N. Boswick - Air Taxi
4TR,Churchill Falls Co.
7LW,Capitol Air Service - Air Taxi
1DA,Executive Funds
9ON,Servicios Aéreos Boliviano
3GS,Air East
1QE,Cessnyca
5IJ,Inland Aviation - Air Taxi
8AO,Taos Airways - Air Taxi
7LA,Theif River Aviation - Air Taxi
0DF,Military - West German Air Force
4VK,North Cay Air - Air Taxi
2FX,Pathet Lao Airlines
6XB,Sierra PacifiAirlines
4IO,Wenela Air Services
8AT,Houston Metro Airlines
2SY,Aero Taxis Equatorianos
0CK,Fragtflug
3UP,Lambair
7MU,Aeronorte Colombia
5XG,Air Amercia
9PL,Laurentian Air Services
7ZY,Military - Canadian Air Force
1RC,Air  Mali
5KH,MerriAviation - Air Taxi
3UU,Military - Zairean Air Force
6MZ,Riverside Air
0ED,Frontier Flying Service - Air Taxi
8PQ,North Cay Airways
2HV,Evergreen Helicopter - Air Taxi
0RH,Webber Airlines -Air Taxi
4JM,Mabuhay Airways
8BR,Deming Flying Service - Air Taxi
6ME,AltusFlying Service - Air Taxi
0EI,Henry Nichols - Air Taxi
3WN,Alaska International Air
1GA,Hlavka Aviation - Air Taxi
5YF,Pan ArctiOil
3JR,Southeast Sky - Air Taxi
7BW,Orient Air System and Integrated Services
1TB,Alpa Servicios Aéreos
9DN,Martinair Holland NV
3VS,Aerovias Venezolanas SA (Venezuela)
6NX,Harbor Airlines - Air Taxi
5YJ,Richland Flying Service - Air Taxii
8QO,Military - Argentine Navy
6AB,Golden West Airlines / Private
0SG,Linea Aérea Nacional
4KK,Horizon Properties
2VX,Military - Deutsche Luftwaffe
6NC,PacifiAlaska Airlines
9FH,Burlington Air - Air Taxi
8PT,Skips Air Service - Air Taxi
1HY,Foster Aviation
9SL,Hamilton Aviation
3KP,Taxi Aereo El Venado
7CU,Touraine Air Transport
5MH,Military - Chilian Air Force
9EL,Aerovias Condor
2XQ,Homer Air Service - Air Taxi
1HD,Oceanaire Helicopter - Air Taxi
4ZI,Military - Nicaraguan Air Force
3JU,Portsmouth Aviation - Air Taxi
6CZ,Wien Air Alaska
0UE,Northern Thunderbird Air
8EQ,Connair
2WV,Inex Adria Aviopromet
5OA,Quakertown Aviation - Air Taxi
4ZN,Willow Air Service - Air Taxi
7RR,Military - Israel  Air Force
6BE,SceniAirline - Air Taxi
9TJ,Philippine Aerotransport
3LO,Star Aviation
1WA,Orlando Airways - Air Taxi
5OF,Taxi Aereo el Venado
8GK,Green Acres - Air Taxi
7QW,Frigorifico Maniqui
0IB,CAAC
9TO,Transbrasil
2LS,Falcon Airways - Air Taxi
6DX,LAC Colombia
4NK,Mercer Airlines
8FP,Antilles Air
1XT,Kodiak Western Alaska Airlines
0IG,Sky Haven - Air Taxi
3AL,North Sound Aviation
2KX,Royal American - Air Taxi
5CC,Yacimientos Petroliferos Fiscales
9UH,Chartair - Air Taxi
7FU,Lab Flying Service - Air Taxi
1XY,Sabah Air
4PD,Sky Chopper  - Air Taxi
3ZQ,Military - Burma Air Force
6RV,Reed Aviation - Air Taxi
5CH,Mamer - Shreck  - Air Taxi
8UM,Military - Spanish Air Force
2MR,Green River Aviation - Air Taxi
0WD,Aeroperu
4PI,Temsco Helicopter - Air Taxi
7HN,Military - Venezuelan Air Force
6RZ,Aeroflot / Aeroflot
9JE,Inex Adria Aviopromet / British Airways
8UR,Air West Airlines Ltd.
1MW,Loma Linda University - Air Taxi
5EA,Emirates Air Transport
3ON,Aero National - Air Taxi
7GS,Skyline Aviation - Air Taxi
0YX,Nordeste Linhas Aéreas
9JJ,Bali International Air Service
2BO,Inair Panama
1LB,Aeroleasing - Air Taxi
4DF,Grand Canyon Air - Air Taxi
8VK,AtlantiCity Airlines
6GX,Valley Air Service - Air Taxi
0YB,Jet Avia Charter
3QG,Northern Thunderbird Air Ltd.
2AT,Skyline Sweden
5SY,North Canada Air
4DK,Transportes Aéreos Itenez
7VP,Survair
1NU,Alyemda
9XG,Overseas National Airways
3PL,Pan American World Airways / KLM
6HQ,Military - Israel Air Force
5SD,IAS Cargo
8KH,New  York Helicopter
7UU,Intracostals - Air Taxi
0MZ,Fuerza Aérea Uruguaya
4EE,Fleming International Airways
2PQ,Military - Angolan Air Force
6HV,Harold's Air Service
9ZA,Military - Honduran Air Force
8JM,Gaige Aviation - Air Taxi
1CR,Private KNBC Los Angeles
0ME,Southwest Aviation - Air Taxi
3EI,Rambar Aviation - Air Taxi
7WN,Monarch Aviation
5HA,Island Airways
9ZF,Transmeridian Air Cargo
3RJ,Wright Air Service - Air Taxi
1BW,Servicios Aereos Nacionales Airways
4TB,Alaska Aeronautical Industries
3EN,Safe Air Cargo
6WS,Salida Flying Service - Air Taxi
0OX,Kenmore Air  - Air Taxi
8YK,Air Logistics
2QO,L & J Company
6IT,Servicios Aereos Martinez Leon
4TG,TAP (Air Portugal)
8LK,Munz Northern Airlines
6VX,Resort Air Service - Air Taxi
9NC,Malaysia Airlines
3FH,"National Jet Services Inc.,  (Air Indiana)"
1QT,Straley Flying Service - Air Taxi
5IY,SATA
9AD,Vieques Air Link
7KP,Kenn Borek Air
1CU,Aviation Charter - Air Taxi
9NH,Henry Webber Air - Air Taxi
2FM,SADELCA
6XQ,TABA
4HD,Military - Uruguayan Air Force
8ZI,Columbia PacifiAirlines
2RN,Yute Air Alaska - Air Taxi
0CZ,Security Air
4UE,LAV - Linea Aeropostal Venezolana
2ER,Hesler Noble - Air Taxi
6WV,Wyman Pilot Service - Air Taxi
9PA,Lake Havasu Air
7ZN,Aero Clube de Volta Redonda
1RR,South PacifiIsland Airways
5JW,Gander Aviation
3UJ,Helikopter Service
7MO,Amphibians
5WA,Aeropeca
9OF,Las Vegas Airlines
2GK,Antillies Air - Air Taxi
0RW,AirWest Airlines
4JB,Air Guinee
8BG,Air Rhodesia
6LT,Lineas Areas del Centro
0DX,Temesco Helicopter - Air Taxi
8OK,Alaska Travel
2GP,Viking Air Service - Air Taxi
5YT,Business Aircraft - Air Taxi
4IG,PacifiSouthwest Airlines / Private
7AL,Francisco Cruz
1SQ,Military - Finish Air Force
9DC,Era Helicopter - Air Taxi
3VH,Solomon Islands Airlines
1FU,Don Zimmerman - Air Taxi
5XY,Taxi Aéreo Kovacs
8PD,Nile Delta Air Services
7AQ,Astrd Wing Aviaiton - Air Taxi
0SV,Festus Flying Service - Air Taxi
4KZ,Tyee Airlines - Air Taxi
2UM,Corporate Air - Air Taxi
6MR,Rocky Mountain Airways
4XD,Air 70
8PI,Galesburg Aviation - Air Taxi
1HN,Chugiak Aviation - Air Taxi
0RA,Haïti Air Inter
3JE,Nash and Tampo - Air Taxi
7CJ,L.J. Simmons - Air Taxi
5MW,Air Rouergue
9EA,Aeropol
7ON,TAM Lineas Aéreas Regional
1HS,Air Gabon
4ZX,Universal Airways
3JJ,Agee Flying Service - Air Taxi
6BO,Swift Aire Lines Inc.
0TT,Village Aviation - Air Taxi
8EF,SW Air Rangers - Air Taxi
2WK,Catalina Airlines
0GX,Sea Airmotive
4YC,Military - Mauritanian Air Force
7QG,Skystream Airlines
6BT,Air New England
9TY,Soldotna Air Services
3LC,Fiji Air Services
1VP,Trans National Airlines
5NU,Boise Air Service
3YG,Southern Jersey Air - Air Taxi
7QL,Bahri Aviation
0IQ,Bradley Air Services
9SD,Butler Aviation Inc.
2KH,PacifiCoastal Airlines
6CM,Southeast Skyways - Air Taxi
4NZ,Comair
8FE,Spernak Airway - Air Taxi
6PQ,Rhoadgs Aviation - Air Taxi
0HV,Procurator Generale de la Republica
3ZA,Bankair Inc. - Air Taxi
2KM,McKenzie Flying Service - Air Taxi
5CR,Smithers Air Service
9UW,Aerolineas La Gaviola
7EJ,CAMBA
1WN,Douglas Airways
9HA,Private charter
3ZF,Ambler Air Service
6RJ,Iran National Airlines
5BW,Cubana de Aviacon
8UB,Advance Airlines
2MG,Rotor Airs In- Air Taxi
0WS,Eagle Commuter
4OX,VOTEC
2YK,Tomahawk Airways
6RO,VoteTaxi Aéreo
9JT,Northeast Jet
8TG,Lineas Aereas de Angola
1LL,Aero PaLease - Air Taxi
5DP,IMSS
3OC,Ryan Air Services
7GH,SceniAirlines
5QT,Air Pennsylvania - Air Taxi
9IY,Aeronaves del Peru
2AD,Prospec
1LP,Bouraq Indonesia Airlines
4DU,Military - Kuwait Air Force
8VZ,Florida Commuter Airlines
6FM,Military - Force Aérienne Zaïroise
0XQ,Military - Royal Saudi Air Force
8ID,Flugfelag Austurlands
2AI,Tampa Air Center - Air Taxi
5SN,Fuerza Aérea Venezolana
4CZ,Provincial Air Services
7UE,F.R. de la Direccion General de Ados
1MJ,Central Air Services
9XV,Tanzania Aviation
3PA,Queen Airmotive - Air Taxi
1ZN,Penninsula Airways - Air Taxi
5RS,Transportes Aereos del Caribe
9JW,Orcon Inc. - Air Taxi
7UJ,Military - Soviet Navy
0MO,Walker - Watts Aviation - Air Taxi
4ES,Private - Corporate
2OF,Berkshire Aviation - Air Taxi
6HK,Air Chaparral - Air Taxi
4RW,Talair
8JB,Urcupina
2BG,Freedom International
0LT,Air US / Private
3EX,Airfast Indonesia
7WC,TAAG Angola Airlines
5GP,Military - Ecuadorean Air Force
9YU,Shanair Inc. - Air Taxi
7JG,Taiwan Airlines
1BL,Taxi Aéreo el Venado
5TQ,G & W Aviation
3DC,Transamazonica
7VH,Skagway Air Service - Air Taxi
0NM,Aeroflot / Military - Russian Air Force
8YY,Aeroflot /Military - Russian
2QD,Military - Iranian Air Force
0AQ,Sky Train Air
4SV,NLM (Nederlandse Luchtvaart Maatschappij)
8KZ,Oefag Flugdienst
6VM,Aerolineas Argo
0NR,Cameroon Airlines
3FW,Moyer Aviation - Air Taxi
2PI,Guyana Airways
5HN,Inex Adria Aviopromet (Yugoslavia)
3SA,Private - Parajump air show
7KE,Spernak Airways - Air Taxi
1CJ,Hudson Air Service - Air Taxi
9MW,Bristow Helicopters
3EB,ACES Colombia
6WF,Sun West Airline - Air Taxi
5HS,Air Florida
8ZX,Military - Ethiopian Air Force
6JJ,Trans Air Services
0BO,LAC Columbia
2EF,Wideroe's Flyveselksap
6WK,Okanagan Helicopters
9OP,Air Affaires Gabon
8YC,Western Helicopter
1RG,Inter Island Air Services
0BT,Aerolineas Condor
3TY,Cia Brasiliera de Tratores
7LD,Central Mountain Air Services
5WP,Aerolineas Centrales de Colombia
9OU,Air Taxi - Basco Flying Service Inc.
2GZ,Pioneer Airlines
1QL,Air Taxi - Tyee Airlines Inc.
4IQ,Aeronor Chile
3TD,Air Taxi - Custom Air Transport Inc.
6LI,Rijnmond Air Services
0DM,RepubliAirlines
8NZ,Aeroleo Taxi Aereo
2FE,Total
5XI,Air Liberia
4IV,Japan Air Self-Defence Force
7AA,SAN Ecuador
6KM,Linair Express
9CR,Military - Republiof China Air Force
3UW,Air Mali
1FJ,Air Taxi - Four Corners Aviation Inc.
5XN,CAAK
8PS,British Airways Helicopters
7ZF,Air Taxi - Northern Air Services Inc.
0RK,Moore's Air Charter
9CW,Gulf Air
2UB,Air Taxi - Ozark Skyways Inc.
6MG,Air Illinois
4WS,Pennsylvania Airlines
8OX,Iberia Airlines / Aviaco
1HC,Air Taxi - Island Airlines
0RO,TAMPA Colombia
3JT,Inuvik Coastal Airways
2TG,Military - Royal Jordanian Air Force
5LL,Skycraft Air Transport
9EP,North East Bolivian Airways
7OC,Britt Airways
1GH,Military - Salvadoran Air Force
4YM,Flight Safety Australia
3JY,Taxi Aéreo del Guaviare
6BD,Aerosucre Colombia
5LQ,Frigorifico Reyes
8DU,State Airlines
2VZ,Líder Táxi Aéreo
0GM,VOTEC / VOTEC
4YR,Tierra del Fuego Province
7QV,Zantop International Airlines
6AI,Air Continental
9SN,Air Taxi - Raco Helicopters Corp.
8DZ,Coval Air
1VE,Bangladesh Biman
5NJ,Aviation Enterprises
3XV,Wings West Airlines / Private
7PA,Provincetown - Boston Airlines
0HF,MMM Aero Services
9SS,APRL
2KW,AECA Cargo
1UJ,Air Niagara
4MO,Air Taxi - Desert Flying Service
8ET,Nahanni Air Services
6PF,Labradore Airways
0HK,Mililtary - Soviet Air Force
3ZP,Village Airways
2JB,Euroair
5BG,Air Taxi - Richards Aviation Inc.
4MT,Air Taxi - Delaware Aviation LLC
7EX,TPI International Airways
1WC,Galaxy Airlines
9GP,AIRES Colombia
3YU,Air Taxi - Air Trends Inc.
6RY,North PacifiAirlines
5BL,Air Taxi - Oklahoma Airways Inc.
8TQ,Air Taxi - Mercy Flights Inc.
7DC,Dirgantara Air Services
0WH,YPF
4OM,Air Taxi - Eidoarie Inc.
2YZ,Air Taxi - Monument Valley Air Service
6QD,Aeronica
0II,Carga Aereo Transportada
8TV,Aeroflot / Soviet Air Force
1LA,Empresa Nacional de Transp.  Trabalho Aereo
0VM,Acme Air
3NR,General Aviation Inc.
7FW,Air Ohio - Air Taxi
5QI,Fuerza Aérea Colombiana
9IN,Alyemda Airlines
3AS,Air Taxi - Jet Alaska
1KE,British Airtours
5CJ,Bar Harbor Airlines
3NW,Midwest Express
6FB,Air Taxi - Henson Airlines
0XF,MAP
8HS,Air Carriers Express Services Inc
2ZX,Air Albatross
6RC,Pel Air
4CO,Sabeni
8UT,Mountain Air Cargo
6EG,Air Taxi- Hermans Air Inc.
9WK,Military - Indonesian Air Force
3OP,Arrow Airways
1ZC,Aerovias de Guatemala SA
5RG,Aerocalifornia
9JL,GLM Aviation
7TY,Taxair
1LD,Simmons Airlines
9WP,Goose Bay Air Services
3OU,Ministerstvo Obshchestvo Mashinostroyeniya
6GZ,Military - Mozambique Air Force
4QL,Military - El Salvador Air Force
8JQ,Air Lanka
2BV,Air Taxi - Islip Airco Inc.
0LI,Military - Armée de l'Air Malgache
4DM,Loganair
2OZ,Grand Canyon Airlines / Helitech
6GE,Military - Zimbabwe Air Force
9YJ,Leeward Islands Air Transport
8IV,Denver Air Center
1AA,Southwest Airlift
5SF,Aeromexico / Private
3DR,Peninsula Air Services
7VW,Kondair
5FJ,AtlantiSoutheast Airlines
9XN,East Indonesia Air Taxi
2PS,Southern Air Transport
1AF,Military - Chilian Navy
4SK,Air Taxi - New London Flying Services Inc.
8KO,Government of Mozambique
6UB,Private - WNBC
0MG,British International Helicopters
8XS,Military - Afghan Republican Air Force
2PX,Iraqi Airways
5HC,Sunflower Airlines
4RP,Military - Spanish Air Force.
7JT,Trillium Air
1BY,Skywest Airlines / Private.
9ML,California Air Charter
3EP,Air Reconnaissance Unit of Liberia
1OC,Aero France
5GH,Skyworld Airlines (Ports of Call Inc.)
8YM,Northwest Airlink
7JY,California Air National Guard
0BD,Connie Kalitta Services
4TI,Scanex Air
2DU,Burlington Air Express
6WZ,Air-Lift Commuter
4GM,Sasco Air Lines
8YR,American Eagle
1QV,Air Manitoba
0BI,YPFB Transportes Aereos
3TN,Missionary Aviation Fellowship
7LS,Travel Air Flug
5VE,Rutaca
9NJ,Military - Peruvian Air Force
7YW,Belize Air International Ltd.
1QA,DHL
4IF,Northwest Airlines
3SS,Oxaero Ltd.
6KW,Aeroejecutivos Colombia
0CB,Air Taxi - Flying School of the Cascades Inc.
8NO,Air Malawi
2FT,Flynn's Ferry Service
0PF,Cooper Skybird Air Charters
4HK,Military - Peruvian Naval Aviation
7ZP,Air Littoral
6KB,Air Taxi - Petroleum Helicopters Inc.
9CG,Southcentral Air
3UL,Panorama Air Tour
1EY,Merpati Nasantara Airlines
5WC,Condor Flugdienst
3HP,ETA - Empresa Transportes Aéreos
7ZU,China Southwest Airlines
0RZ,Trans Colorado AL / Continental Express
9BL,Fuerza Aérea Panamena
2TQ,Air Taxi - Minuteman Aviation Inc.
6LV,NFD - Nurnberger Flugdienst
4WH,AV Air / American Eagle
8OM,Talia Airways
6YZ,Commercial Airways (Comair)
0QD,Transport Arien Transregional
3JI,Arax Airlines
2TV,Kuwait Airways
5LA,Chaillotine Air Service
9DE,Military - Cuban Air Force
7OR,Aloha Airlines
1GW,Jay Hawk Air - Air Taxi
9QI,Starair
3IN,North American Sabreliner 40
6AS,Lineas Aéreas Suramericanas
5LF,Angola Air Charter
8DJ,Air Taxi - Temesco Helicopters Inc.
2VO,Geoterrex
0FB,MD Air Services
4XF,Kinair Cargo
2IS,Transporte Aereo Federal
6AX,Aerocaribe
9SC,Wrangell Air Service
8CO,Hang Khong (Vietnam)
1UT,TAME Ecuador
5MY,Aramar
3XK,Shanxi Airlines
7PP,Air Taxi - Northern Arizona Aircraft Inc.
5ZC,Uganda Airlines
9RH,Vayudoot
2JL,Aero Peru
1UY,Air Taxi - TAJ FBO Co.
4MD,Wasa Wings
8EI,JC Air
6OU,Aero Club Libya
0GZ,T & G Aviation
8RM,Military - Russian Air Force / Military - Russian Air Force
2JQ,GAS Air
6BV,Broughton Air Servces
4LI,Aerolineas La Paz
7DM,Military - Canadian Army
1WR,RAM
9GE,Independent Air Inc.
3YJ,Air Taxi - Las Vegas Flyers Inc.
1IV,Albancion Circulo
5BA,Transfair
9TF,Air Ontario
7DR,Aero Condor
1VW,Mid PacifiAir
4NB,Evergreen International Airlines
2YO,Europe Aero Service EAS
6QS,Aero Cozumel
4AF,Southern Express
8SK,Holmstoem Air
2KO,Aero Asahi
0VB,Surinam Airways
4NG,Aerotaca
7FL,SceniAir Tours
5PX,Formosa Airlines
9HC,Calair
7SP,Air Taxi - Centre Airlines Inc.
1KT,Air Freight New Zealand
5CY,OlympiAviation
3ML,RRC Air Service
7EQ,Aspring Air
0WU,China Eastern Airlines
9HH,Bay Land Aviation
2ZM,Partnair
0JY,Wehite Cap Aviation
4BD,Boeing KC-135E
8TI,USAir
6EV,Skylink Airlines
0WZ,Nile Safaris Aviation
3OE,Winchester Air
2YR,TAUSA
5QV,Air Taxi - Paramount Aviation Corp.
4BI,Aloha Island Air
7TN,Weasua Airtransport
1LS,Military - Royal Lesotho Defence Force
9VE,Military - People's Army/ Military - Peoples Air Force
3OJ,Tepper Aviation
6GO,Lineas Aéreas Cave
5QA,New England Airlines
8IF,United Express
7TS,Air Fiordland
0LX,SANSA
4DB,Federal Express
2NO,Aeroflite Services
6FT,Military - Venezuelan Navy
9XX,Airfast Services
8IK,Military - Congolese Air Force
1AP,Airborne Express
0KB,Helicopteros Nacionales de Colombia
3CG,Military - Zambian Air Force
7UL,MIAT - Mongolian Airlines
5FY,Sinquanon Management - Air Taxi
9XC,Helicsa
2PH,TAN Honduras
1ZU,Air Taxi - Transamerica
4RZ,Aeroperlas
3CL,MATS - Manila Aero Transport System
6UQ,Aerial Transit Company
0MV,Avicsa
8WH,Air North Queensland
2OM,Military - Luftwaffe
5GR,Aerolift Philippines
4RE,Ptarmigan Airways
7JI,Air Taxi - Trail Lake Flying Service Inc.
6TV,Air Taxi - Aero West Aviation Inc.
9LA,Servicio Expresso Nacional
3DE,Private - Omniflight Helicopters
1OR,Nuna Air
5GW,SUDENE
8YB,HiTech Helicopters
7IN,China Southwest Airlines / Xiamen Airlines
0BS,BAFIN
9LF,MAP - Ministerstvo Aviatsionnoi Promyshlennosti
2DJ,Bangkok Airways
6VO,Eitos
4GB,Northwest Airlines/ Northwest Airlines
8YG,Sudania Air Cargo
1QK,MarkAir Commuter
0AX,Belair - Air Taxi
3SC,Lockheed AC-130H Hercules
2DO,USAir / Skywest Airlilnes
5VT,Military - HelleniAir Force
9NY,Macon Horizons - Air Taxi
7XK,Air Taxi - Richmor Aviation
1PP,Ryan International Airlines
4HU,Fuerza Area Angolaise
3SH,Luft-Taxi Emsland
6KL,Duncan Aircraft Sales
5UY,Transafrik
8MD,Conesul Taxi Aéreo
0PU,Broward Aviation Services - Air Taxi
4HZ,Military - U.S. Navy / Military -  U.S. Navy
7ZE,Uzbek Civil Aviation Administration
6JQ,TropiAir - Air Taxi
9BV,Air Tahiti
8MI,Air Taxi - Air Grand Canyon Inc.
1EN,ADES Colombia
5WR,Metro Cargo
3GE,Lauda Air
7YJ,Agape Flight Inc.
0QN,Carib Air Transport
9BA,Okada Air
2TF,Helicol Colombia
1DR,Aerochasqui
4VW,L'Express Airlines
8OB,Nationair (chartered by Nigeria Airways)
6YO,Jetstream Inc.
0QS,Air Taxi -Wilderness Aviation Inc.
4IX,Vanair
2TK,Avalki Air
5LP,Air Taxi - Haines Airways Inc.
4VB,Transports Aériens de la Guinee-Bissau
7NG,Temsco Airlines
9QX,Air Taxi - Bohemia Inc.
3IC,Airtech Rajawaldi Udara
7AH,Lineas Aéreas Colombianas
5KT,Canair Cargo
8CY,CORAL Colombia
7NL,Deraya Air Taxi
0FQ,EDELCA
4XU,Corporate Mobility Inc. - Private
2HH,Military - Azerbaijan Air Force
6ZM,Nordeste Linhas Aereas
8CD,Baron Aviation
2UI,Air Taxi - Airis Helicopters Inc.
0EV,Azerbaijani Airlines
3WZ,STASA
7OE,Tartarstan Airlines
5ZR,Military - Força Aérea Brasileira
9RW,Bruno Air
3JA,ClassiWings
1TN,Commutair
3WE,Air Taxi - Air Vegas Inc.
7OJ,Air Rainbow
0GO,Gambcrest
8QA,Frigorifico Santa Rita
2IF,Lina Congo
6BK,CC Air
4LX,Golden Star Air Cargo
8DB,Kamchatavia
6NO,Air Bissau
0GT,Military - Kenyan Air Force
1IK,Perris Valley Aviation
5AP,Saha Airline Services
7DG,COPA (Panama)
1VL,GP Express Airlines
9FY,Jet Charter Group
3XC,Air taxi
6PH,Adventure Airlines
5AU,Krasnoyarskavia
8SZ,Caribbean Air Carrier - Air Taxi
2KD,Military - Sri Lanka Air Force
0UQ,ArctiCircle Air Service
4MV,Military - Unified Yemen Air Force
2XH,Georgian Air
6PM,Mandala Airlines
9HR,Volga-Dnepr Airlines
8RE,Aero Eslava
1JI,Crasa - Air Taxi
5BN,Air Taxi - Western Helicopter Inc.
3MA,China General Aviation Corporation
5OR,Servicios Aereos Santa Ana
9GW,Lone Star Airlines
1JN,NewCal Aviation
4BS,Military - Salvadorian Air Force
8TX,Military - Peruvian Air Force - TANS
6DJ,Professional Aviation Services
0VO,EXA Inc.
8GB,Expresso Aéreo
2YG,Air Taxi - Hawaii Helicopters Inc.
5QK,Aero Ejecutivos
4AX,Avesca Colombia
7TC,Yakutavia
9VT,Military - Federal Nigerian Air Force
3NY,Miltiary - U.S. Airforce
1YL,Wuhan Airlines
5QP,Kiev Production Association
8IU,Syktyvkar Avia
7SH,Air Taxi - Alpine Aviation
0KM,Air Taxi - Baker Aviation Inc.
4CQ,Vietnam Airlines
2ND,Aerocaribbean - Charter
4PU,Air Taxi - Wilderness Aviation Inc.
8HZ,China Southern Airlines
1ZE,Aero Sudpacifico
0KQ,Scibe Airlift Cargo Zaire
3CV,Libya Arab Airlines / Military -  Libya Air Force
7UA,Air Taxi - South Coast Helicopters Inc.
5EN,Lufthansa Cityline
9WR,Titan Airways
7HE,Trans Service Airlift
1ZJ,Pan Malaysian Air Transport
4RO,Iran Air Tours  /  Military - Iranian Air Force
3BA,Cargo Three Panama
6TF,Palair Macedonian
8WW,Air Taxi - Guinn Flying Service
2OB,Oeste Linhas Aereas
0YO,Air Taxi - Sea PacifiInc.
4QS,Carga del Caribe
7IX,Tajikistan Airlines
6TK,Military - Georgian Air Force
9LP,Hyannis Air Service - Air Taxi
3DT,China Northwest Airlines
1NG,Asiana Airlines
3QX,Hornbill Airways
7IC,Everest Air
0AH,Air Taxi - Air Medical Leasing
9LU,American International Airways
2DY,Sakha Airlines
6VD,Transair Georgia Airlines
4FQ,Hibiscus Air
6IH,Roadrunner Airlines
0AM,China Northern Airlines
3SR,Magistralnye Avialinii
2CD,Aviaimpex (Macedonia)
5UI,Express Airlines - Northwest Airlink
9MN,ArctiWings & Rotors
7XZ,Air Senegal / Gambia Airways
1PE,Lao Aviation
9ZR,Air Taxi - Martin Aviation LP
3RW,Kuban Airlines
6JA,Baikal Air
5UN,Kimura International
8MS,AtlantiCoast Airlines (United Express)
0OJ,North Western Air Transport
4GO,British World Airways
2RB,Sahara
6JF,Jetcraft
0BK,Salair
8LX,Chalk's International Airlines
1DB,Aurukun Air Services
5VG,Orion - Air Taxi
3GT,Aeroflot Russian International Airways
5IK,Military - U.S. Air Force / Military U.S. Air Force
9AP,Air Taxi - El Aero Services Inc.
1DG,KLM Cityhopper
4VL,Rwanda Government
8NQ,Military - U.S. Army / Military U.S. Army
6YD,Action Airlines
0QH,Lineas Aereas de los Libertadores
8AU,Rico Taxi Aero
2SZ,Arall
4VQ,Transoriente Colombia
8NV,Aerolineas Cuahonte
9PM,TAESA
3HR,Air Taxi - Sun Western Flyers Inc.
1SE,Air Ivorie
5KI,Military - Dostum-Galboddin Militia
9CN,Airbus Industrie
7MA,Air Mauritanie
1EF,Air Taxi - Peninsula Airways
4WJ,Air Taxi - Papillion Helicopters Ltd.
3HW,Air Martinique
4JN,Sankuru Air Service
8BS,Alas Chiricanas
2TX,Air Taxi - Uyak Air Services Inc.
0EK,Air Taxi - Talon Air Services Inc.
4WO,Air Taxi - National Helicopters
7OT,Air Taxi - Lake Clark Air Inc.
6YG,Aerocontroctors - Charter
9QK,Oriental Airlines
7BX,Heavylift Cargo Airlines
1TC,Cheremshanka Airlines
3VT,TAM Paraguay
7NY,Radeair
9QP,Arsenyev Aviation Production Association
2IU,Seaview Aviation
1SH,SELVA
4LM,Iran Asseman Airlines
8DQ,Transportes Aereos Pegaso
6ND,Trigana Air Service
0FI,SA Amazonica
2IZ,Ameriflight
5AE,Air Taxi - Ryan Air Service
4KR,SL Aviation Services
7CV,Servivensa
1UA,Phoenix Aviation
9FN,Intercontinental de Aviacion
3XR,Empire Airlines
6PW,Canada Jet Charters
5ZJ,Air Taxi - Coastal Airways Inc.
7CA,Air Taxi - Wolfe Air Aviation Ltd.
0UF,Abakan Airlines
2WW,Leadair - Charter
6OB,Transasia Airways
9GG,Union Flights
8RT,Kiwi West Aviation
1JX,Transporturile Aeriene Romane (TAROM)
0TK,IAI 1124 Westwind
3LP,Bearskin Airlines / Air Sandy
7DT,American Jet
5OG,Knight Air
9GL,LACOL
2YQ,Senegalair
1IC,ValuJet
4AH,Ansett New Zealand
3LU,Volga Air
6DY,Harka Air Services
0VD,Air Taxi - Island Air Service
8FQ,Garamut Aviation
2YV,Air Taxi - Lab Flying Service Inc.
5QZ,Milne Bay Air
4AM,Military - Madagascar Air Force
7SR,Transniugini Airways
6DD,Aero Air
9VI,Bourag Indonesia Airlines
3NN,North Star Air Cargo
1XA,Bimini Air Charter Inc.
5PE,Tamair
8HJ,Norilsk Flight Company
7SW,Western Straits Air
0KA,Sabang Merauke Raya Air Charter
9UN,Kirghizia Aba Zaoldoru
2MS,Air Taxi - Durango Air Service
4PJ,Islands Nationair
8HO,TACSA
1ZT,Azerbaijan Airlines
0JF,Far East Aviation
3BK,Air St. Martin
2MX,Romanian Banat Air
5EC,Mustique Airways
9WG,Military - Nigerian Air Force
7GT,Soundsair
1YY,Lineas Aereas del Caribe
4QD,Business Air Connection
3BP,"Alas Nacionales, leased from Birgen Air"
6TU,Aérotaxi Cachanilla
5DG,Military - Taliban Militia
8VL,Hati Express
2NQ,AVCOM
0YD,Private Wings
4QH,Military - Sudanese Air Force
7IM,Aero Tropical
6SZ,Compania de Aviacion Faucett SA (Peru)
9LE,Madrid Taxi Aéreo - Charter
8VQ,Military - Peruvian Army Aviation
1NV,Akhal Air
3QM,Avia Air Aruba
7IR,Key West Sea Plane Service - Air Taxi
1AW,Krasnoyarskie Avialinii
9KJ,Federal Airlines
2CN,Buffalo Narrows Airways
1NA,Aeroservicios Empresariales de Durango
4FF,Hoseba
8XJ,Military - Australian Army Aviation
6HW,China Flying Dragon Aviation (Feilong Airlines)
0ZB,Archana Airlines
2CS,Aerolatino (Aerocaribe)
6UX,Northern Air Cargo
4EK,Myanmar Airways
7WO,First Air
1OT,Harbour Air
9ZG,Spair Air Transport
3RL,Vnokovo Airlines
7JP,Helisul Taxi Aéreo
5TC,Air Taxi - Stearns Air Alaska
7WT,Dutch Dakota Association
0OY,Malu Aviation
4GD,Savanair
2QQ,Air Taxi - Seaside Air Service
6IU,Telford Aviation
0AZ,Million Air
8LM,Tyumen Aviatrans
2DQ,Transported Areos Profesionales - TAPSA
0ND,Jetcom S.A.
4FI,Aviation Development Corporation
5IZ,Saudi Arabian Airlines / Kazastan Airlines
9AE,Kismayo Airlines
1DV,Komi Avia
5VA,United Express  / Private
3FN,ArctiTransportation Services
7XS,Emery Worldwide
0PW,Aircraft Charter Group Inc
9AJ,Tar Heel Aviation
2SO,Skypower Express Airways
6KS,Force Area Populaire de Angola
4UF,Military - Israel Air Force /Military -  Israel Air Force
8MK,Transpolar
6XW,Air Georgian
0PB,Air Pereira
3HG,ALADA
2RT,Stavropol Airlines
5JX,Custom Air Service
9BC,Hageland Aviation Services
7MP,Military - Niger Air Force
9OG,Bazair
3GL,Elbee Airlines
5JC,Haines Airways - Air Taxi
8BH,Sempati Air
2TM,Goroka Air Services
0DZ,Singapore Airlines
4VD,ADC Airlines
2GQ,Fine Air
6YV,Air taxi - TAM
9QZ,Borneo Airways
8AM,TMK Air Commuter
1SR,Military - Luftwaffe / Military - USAF
3VI,Naysa Aerotaxis
7NN,Sowind Air
5XA,STAP
9QE,Terry Air Inc.
2IJ,Aerosweet Airlines (LVOV)
1SW,SilkAir
4KB,Military - Greek Air Force
8CF,Renan Airways
6NS,Parsa
8PJ,Aeroservice International
2HO,Cebu PacifiAir
5ZT,Air Luxor
4KF,Military - Sudan Air Force
7CK,Air Memphis
1UP,Linea Aérea Mexicana de Carga
9EC,Military - Lao People's Liberation Army Air Force
3WG,Air Taxi - US Helicopters Inc.
1HT,Propair
5ZY,Air Taxi - Ohana Helicopter Tours
8RD,ATI Aircompany
7BP,Alas del Sur
0TU,Ukraine Aviation Transport Company
2WL,Plane Sailing
6OQ,Swifair
4YD,Selva Taxi Aero
8QI,Alliance Airlines
1IM,Proteus Air / Private
0TZ,Harbour Air Seaplanes Ltd.
3LE,Alada
7DI,Vincent Aviation
5NV,Lumbini Airways
9FA,Air Anguilla
7QM,Speed Service Couriers
1IR,Permaviatrans
4AW,Rusts Flying Service Inc.
3KJ,Air taxi - Air Safaris Inc.
6DN,Paukn Air
0VS,Cabo Verde Airlines
8FF,Lionair
0HW,Congo Airline
4AB,Ararat Avia
7SG,Capital Taxi Aereo
6CS,TanaMana Aviation
9UX,Living Water Teaching Ministries Charter
3MC,Regency Express Air
1XO,Yates Aviation
5PT,Air Satellite
3ZG,Khors Aircompany
7RL,Zanex
0JP,Transafrik - United Nations Charter
9UC,Channel Express
2MH,Military - German Air National Guard
4OY,Kelowna Flightcraft Air Charter
8GD,Uzu Air
6RQ,Necon Air
0JU,Fuerza Aérea Nicaragua
3BZ,Savannair
2LM,Air Karibu
5DR,Minerva Airlines
9VV,ALIANSA Colombia
7GI,Provincial Airlines
9IZ,Manacá Táxi Aéreo
3AE,Military - Malaysian Air Force
7SJ,Malindi Air Services
5DV,Air Taxi - Coastal Helicopters Inc.
8VA,Blue Water Aviation Services
2NF,Nightexpress
0XS,LANC Colombia
4QW,Lufthansa Cargo Airlines
2AJ,Aero Jet Express
6SO,La Costena
8UF,Air Fiji
2NK,TACV-Cabo Verde Airlines
3PB,Regionnair
7HG,Uni Air
5ST,Uzbekistan Airways
9KX,"LAPA, Lineas Aereas Privadas Argentinas"
3CC,Northern Air (Tanzania)
1MP,Edinburgh Air Charter
5EU,Air Taxi - New England Airlines
8WY,Greek Government
6HL,Norte Jet Táxi Aéreo
8JC,Big Island Airlines
2BH,Aramco Associated Company
6TM,Avioriprese Jet Executive
4EZ,Military - Venezuelan Army
8WD,Air Taxi - Stanley Air Taxi
1OI,Si Fly - U.N. charter
0YV,DHL Aviation Africa
1BM,Tashkent Aircraft Production Corporation
5TR,Charter - Flightline Charter Services
7VI,Air Taxi - Grant Aviation Inc.
1NN,Asian Spirit
4FS,College of the Ozarks
3QE,Charter - Twin Air HB
6IJ,Skyline Airways
5SW,Ecuato Guineana de Aviacion
8KB,Crossair
2DF,Avisto
0NS,Top Air - Air Taxi
4FX,Kenya Airways
6HO,Military - IslamiRepubliof Iran Air Force
9AT,"Air Taxi - Iliamna, Air Taxi Inc."
8KG,Vologodskiye Airlines
1CK,Points North Air Services
5UP,Military - Ejército del Aire
3FC,Sky Cabs
7XH,Uralex
0PL,Taxval
9ZY,Kivu Air Services
1CP,Military - Centrafricain Airlines
4UU,Air Philippines
8MZ,North Coast Aviation
6WL,Northern Executive Aviation
0OQ,Trans Guyana Airways
3GV,Price Aircraft Company
2RI,Avirex
5JM,Executive Airlines
4TZ,Streamline
7LE,Whyalla Airlines
9OV,Ghana Airlink
3GA,ANT Air Taxi
6YF,Air taxi - Jao Air Taxi
5IR,Universal Jet Aviation
8AW,Military - Japanese Air Self-Defence Force
7LJ,Win Win Aviation
0DN,Indian Airlines/Alliance Airlines
4VS,Airwave Transport
2FF,Allied Air Freight
6XK,Blue Hawaiian Helicopters
9QO,Air taxi - Lider Air Taxi
8AB,Military - Fuerza Aérea de Chile
1SG,Patuxent Airways / Private
0CS,Staer Air
3UX,RCMP-GRC Air Services
7NC,Military - Fuerza Aérea Colombiana
5XP,Charter - Central Air
9PT,Cape Smythe Air Service
2HY,Summit Air Charters
1SL,Bombardier Aerospace
4KQ,Aca-Ancargo
3UC,Superior Aviation
6MH,Asa Pesada
8PY,Mayoral Executive Jet
2HD,Servicio Aereo Manchupo
5ZI,Military - People's Liberation Army
4JU,Military - Tentara Nasional Indonesia Navy
7BZ,Skydive Salt Lake - Charter
6MM,MajestiAir Cargo
9ER,Rutaca Airlines
3WV,North Bay Charter
1GI,Lineas Aereas Suramericanas
5YN,Northern Illinois Flight Center
8QS,E.A.S. Aeroservizi
7BE,Gum Air Charter
0TJ,Air taxi - Cuiaba Air Taxi
9DW,Military - Florida Army National Guard
2VA,Vnukovo Airlines
6NF,Sociedade de Aviacao Ligeira Charter
4YS,Air Caraibes
8QW,Jetwingsco Inc. - Private Charter
1IB,Jet Wings
0SO,SFC Vietnam - Charter - Full Account
3KT,Private - Techint  group
2VF,Faraz Qeshm Airlines
5NK,Manunggal Air
7PB,Vladivostokavia
1HG,Private  - Daewoo Shipbuilding
5AL,Private - OverteCompany
3KY,Russ Air Transport Company
6CC,Naske Air
5MP,Papillon Grand Canyon Helicopters of Las Vegas
8FU,Victoria Airlines
0HL,Canadian Air Transat
4ZQ,Ameristar Jet Charter
6CH,Blackhawk Int. Airways  - Private charter
9UM,Binter Mediterráneo
8EZ,Aero Ferinco Charter
1WD,AtlantiAirlines
5OI,Aeronautical Services - Air Taxi
3ZV,Sibir Airlines
7RA,Scandinavian Airlines (SAS) / Private
1JE,Air Saint Maurice Inc.
9TR,PenAir
1WI,Perimeter Airlines
4ON,Air Taxi - Continental Air Taxi
8GS,ERA Aviation - Air Taxi
6QF,Charter - IRS Aero
0IJ,ELK Aviation Co. (leased from Eminex)
4AO,MK Airlines
2LB,"Military - Russian, cargo"
6DF,Air Cargo Express
4NS,Heliandes
8FX,BAL Bremerhaven Airline
9IO,Air Taxi - Air Taxi Inc.
3AT,Agco Corp
5CK,Ibertrans Aérea
9UP,Procuraduría General de la República
7FC,Petroproducción
1XH,Military - Angolan  Air Force
4PL,Tiramavia
2ZY,Military - Russian Navy
6SD,Svedijos Prekés
8UU,Charter - Aerotaxi
2MZ,Priorty Air Charter
0XM,Djibouti Airlines
4PQ,Tadair
7HV,Air China
6RI,SELVA Colombia
9JM,EAS Airlines (Executive Airline Services)
3BR,Sky Executive Air Services
1ME,Airquarius Aviation - Charter
3OV,Military - Angolan Armed Forces
7GA,Marco Zero Air Taxi
9JR,Keystone Air Services Ltd. - Air Taxi
2BW,Bashkirian Airlines / DHL Worldwide Express
6TB,Prestige Airlines (Cargo) Charter
4DO,"Air Taxi - Bigfoot Air of Alaska, LLC"
8VS,Military - Ukraine Air Force
6GF,Pulkovo Aviation Enterprise
0YK,Shangri La Air
3QO,Vostok Aviakompania
2AB,Care Flight International
5SG,Rico Taxi Aéreo
7VX,CAAC Air TraffiManagement Bureau
1NC,Airco Charters - Air Taxi
9XP,Aero Pantanal - Air Taxi
3PT,Total  Air Lines
6HY,Deraps Aviation
5SL,Military - Indian Navy
8KQ,American Virginia
2CU,Mid-AtlantiFreight
0MH,Luxair
2PY,Laoag International Airlines
6HD,Raytheon Aircraft
9ZI,Island Airways Ltd.
8KV,Planemasters
1CZ,Aeromist-Kharkiv
5UE,Ocean Airlines
3ER,US Air Express/Air Midwest
7WV,TANS Airlines
5HI,Aerocom
9ZN,African Commuter Services
2RS,Euro Asia Aviation
1BE,Volare Aviation Enterprise
4TJ,Enimex
6WA,Air Taxi - Great Northern Aircraft Co.
0OF,Military - IslamiRevolution's Guards Corps
8YS,Private - Kabanov - skydiving
2QX,PT Air Regional
5IB,Morris Hancock Flying Club - Charter
4TO,Ukrainian Cargo Airlines -  Congolese Army Charter
7LT,Ukranian-Mediterranean Airlines
1DX,McKinley Air Service - Air Taxi
9NK,Eurojet Italila
3FP,Air Taxi - Marco Zero Air Taxi
1QB,Charter - Air Adventures New Zealand Ltd
5IG,Astro Air Taxi
8AL,Paradise Tour Helicopters
7KY,Brit Air
0CC,Hallo Bay Air - Air Taxi
4UH,ComvaAviation
2FU,Military - Algerian Air Force
4HL,Heringer Air Taxi
8ZQ,BHS - Brazilian Helicopter Services
1SV,Air Sunshine
0CH,Ruiban & Duran Compania Aérea
3UM,Ryan Blake Air Charter
7MR,Jack Harter Helicopters
5XE,Jet Pro
9PI,Servicios Aeronauticos Sucre (SASCA)
7ZV,Khalatyrka
1RA,Tropical Airways
4JE,US Airways Express
3UR,Wasaya Airways
6MW,Sundance Helicopters
8ON,Les Ailes de Gaspé Inc.
2GS,Air taxi - Rumo Notre Air Taxi
0RF,Transmandu
4JJ,CATA Linea Aerea
7BO,Aeroextra
6LB,Heliwork WA Pty Ltd. - Air Taxi
9DG,Huron Air
3VK,Líneas Aéreas Suramericanas
1GX,Pavair
3IO,Union des Transports Aeriens de Guinee
7AT,Flash Air
1SY,Georgia Express
9DK,Tassili Airlines
2VP,Military - Government of Macedonia
6NU,Kish Airlines
4XH,City-Jet
8PL,Azov Avia Airlines
6AY,Military - United States Marine Corps
0SD,Military - United States Air Force
2UU,Air Ambulance - Med-Trans Corp.
5MZ,Procuradoria General de la Republica
7PQ,Venezuelian Government
1HV,Aerotransportes Petroleros
9RI,Charter - Air Cush
3KN,El Magal Aviation
7CR,Rico Linhas Aereas
5ME,Aray-Avia
9EJ,AZAL Cargo Company
2WN,Blue Bird Aviation
0HA,Yeti Airlines
4ZF,Gabon Express
2JR,Air taxi - Aero Air Taxi
6BW,United Nations -  UTair Charter
0TB,Air Trek
8EO,Capital Airlines Inc.
2WS,Dodita Air Cargo
5OX,BHS - Brazilian Helicopter Service  Air Taxi
4YK,Airlines of PNG
5BB,Air Taroma
9TG,Alpine Air Express
1VX,Transworld Safaris
5NC,Volga-Avia Express
8FH,Mavrik Aire Transport
7QU,Jett Paqueteria SA
0IY,Military - Greek Army
8SL,Air Flamence
2KQ,Sarit Airlines
6CU,Pinnacle Airlines/Northwest Airlink
4NH,Aerovanguardia
8FM,Corporate Airlines (American Connection)
0HD,Private - Hendrick Motorsports Inc.
3ZI,Med Flight Air Ambulance - Private
2KV,Business Jet Services
5CZ,Presidental Airways Inc. - Air Taxi
9UE,Glow Air/Air Castle - Charter
7ER,Lion Air
1XW,Grand Aire
4PA,Salmon Air - Air Taxi
3ZN,SAVIARE S.A. - Air Taxi
5CE,Guardia Nacional de Venezuela
8UJ,NHR Táxi-Aéreo
2MO,Military - Colombian government
0WA,Tura Air Enterprise
4OF,AirNow
7GK,Military - U.S. Marines
6RX,Farnair Hungary
9JB,Kam Air
8TO,Action Air Express Inc. - Air Taxi
1LT,Circuit City Stores - Charter
3OK,Indonesian National Police
7GP,Air Global
0YU,Regional Airlines
9IG,West Caribbean Airways
2AL,GT Air
1LY,Military - Fuerza Del Peru
4DD,Kisangani Airlift
8VH,Aero-Tropics
6FU,Transportes Aereos Don Carlos - Charter
0XZ,Military - Zambia Air Force
3PD,Charter - Maniema Union (owner Victoria Air)
2AQ,Marsland Aviation
5SV,Ecuatair
4CH,Tuninter
7UM,Copterline
1MR,Helios Airways
9XE,TANS Peru
3PI,Kavatshi Airlines
6HN,Air Kasai
5RA,Viaçao Cometa
8KF,Wayumi Air Taxi
7UR,"Heli-USA Airways, In- Air Taxi"
0MW,Wimbi Dira Airways
2PN,Morningstar Air Express
6HS,Bellview Airlines
9ZX,Ivolga Avia
8JJ,Sosoliso Airlines
1BO,Chalk's Ocean Airways
0MB,Skyward Aviation
3EG,Evolga
7WK,Military - Iranian Revolutionary Guard Corps Air Force
5GX,Military - Slovak Air Force
9YC,SoniBlue Airways
2QH,Air Cargo Carriers
4TY,TriCoastal Air
3DL,Aerovalles
8YH,Military - Fuerza Aérea Argentina
2QM,ATESA
4SD,Team Air
7KI,Military - Kenya Air Force
6VU,Military - Lybian Arab Air Force
3FE,Yug Avia
1PQ,U.S. Government (leased)
8ZA,King Air Charter
7KN,Armavia
9ME,Saskatchewan Government Northern Air Operations
2EJ,Air São Tomé
4HA,International Jet Charter
8ZF,Air Taxi - MajestiAlliance
0CW,Military - Chadian Air Force
3UB,Naturelink
2EO,Himmelsschreiber
7ZK,Mango Airlines
1RP,Sibir (S7)
5JT,Tracep
5WX,Pulkovo Airlines
2GH,Military - Russian Army
0QU,Gol Airlines / Private
8AD,AtlantiAirways
6LQ,Military - Russian Air Force/Uzbekistan Airways
8NH,Air ambulance - Mercy Air Services
1FM,Air Charter - Tanzanian Air Services
3ID,Adam Air
1SN,DJB Air Charter
3UE,Moldovan Aeriantur-M Air Cargo
1FR,SunQuest Executive Air Charter
5XW,Military - US Army
6ZN,Regional Compagnie Aerienne Europeenne
0RS,Air Turks & Caicos
6MO,Metro Aviation
4WB,Inter-Island
8PF,UTAir Airlines
1HK,Transaviaexport Airlines
9RX,Safe Air Complany
7BG,Paramount Airlilnes
5MT,University of Michigan Health System
7OK,Mongolian Defense Ministry
1GP,Nyika Safaris
3JG,Karibu Airways
0TQ,PMT Air
8DD,Charter - Private
2VH,Liard Air
0GU,Taquan Air Service
4YZ,Atran
6AQ,Southwest Medivac
9SV,Air Moorea
5NR,SeaWind Aviation
3XE,Two Taxi Aero
7PI,Great Lakes Business Complany
9SA,Galaxy Kavatsi Airlines
2KF,One-Two-Go Airlines
6PN,Africa One Congo
0HS,Kapowsin Air Sports
3ZX,Nacional de Aviacion
2JK,Reali Taxi Aereo
5CO,Juba Air Cargo
9UT,Atlasjet Airlines
7EG,"Evergreen Alaska Helicopters, Inc."
9HX,Castle Aviation
3ZC,Fun Air
6RH,Transaven
5BT,Servant Air
2LD,Military - Macedonian Air Force
0WP,Apline Aviation
2YH,Gira Globo Charter
6QM,Santa Barbara Airlines
8TD,BHS - Brazilian Helicopter Service Air Taxi
1LI,United Nations Mission
7FE,Trade Wings Aviation Ltd.
5QR,Blue Wing Airlines
1KN,Avtex Air Services
6FJ,Kata Transportation
8HA,Hewa Bora Airways
5RK,Military - Government of Equatorial Guinea
4CW,Naftogaz
1MG,Southern Sudan Air Connection
9WT,Chelan Air Service
3PX,"Alpine Aviation "
1ZK,Island Express Helicopter Service
5RP,Moskovia Airlines
8JU,Military - Servicio Aereo Nacional
7UG,TACA International Airlines
0ML,Patagonia Airlines
4RU,PHI Air Medical
8JY,Military - Thai Army
0LQ,Air Methods / ClassiHelicopters
3DV,Ababeel Aviaition
5GM,USA Jet Airlines
7ID,Centurian Air Cargo
4SN,Aerocord
3DA,East Coast Jets
8XW,PacifiCoast Airlines
0AN,Junction City Fire Department
4SS,Fly 540
6UJ,Spanair
3RX,Aéreo Ruta Maya
7JC,Itek Air
1CG,Conviasa
9MT,Air Serv Internatiional/CemAir
2EY,Air Tahoma
4HP,Aerogulf
8ZU,Global Executive Aviation
6JH,Maryland State Police
4TQ,Air Angles Inc.
2ED,Mexican Government
6WH,East African Air Charters
7YZ,Falcon Aviation Group
9BQ,XL Airways leased from Air New Zealand
3TV,Webstas Aviation Services Inc.
5VM,Rotorcraft Leasing Co
9NR,Alantis Aviation
2FW,Aerotaxi Manaus
1QJ,Air One Executive
2SA,Continental Connection/Colgan Air
6KF,Flight Service
0CJ,Cougar Helicopters
8NW,Eagle Cap Leasing
2FB,Bond Offshore Helicopters
4HS,Aviastar Mandiri
5KK,Mimika Air
3UT,Aerotuy airline
1EG,Bako Air
5WL,Strait Air
